<?xml version="1.0" encoding="UTF-8"?>
<project-private xmlns="http://www.netbeans.org/ns/project-private/1">
    <editor-bookmarks xmlns="http://www.netbeans.org/ns/editor-bookmarks/2" lastBookmarkId="0"/>
    <open-files xmlns="http://www.netbeans.org/ns/projectui-open-files/2">
        <group>
            <file>file:/C:/Users/pauls/OneDrive/Escritorio/proyectofinal/ProyectoFinalTPOO/Proyecto.2.0/ProyectoFinal/src/Controller/Controller.java</file>
            <file>file:/C:/Users/pauls/OneDrive/Escritorio/proyectofinal/ProyectoFinalTPOO/Proyecto.2.0/ProyectoFinal/src/Model/Principal.java</file>
            <file>file:/C:/Users/pauls/OneDrive/Escritorio/proyectofinal/ProyectoFinalTPOO/Proyecto.2.0/ProyectoFinal/src/View/VistaUsuario.java</file>
            <file>file:/C:/Users/pauls/OneDrive/Escritorio/proyectofinal/ProyectoFinalTPOO/Proyecto.2.0/ProyectoFinal/src/View/VistaAdministrativo.java</file>
            <file>file:/C:/Users/pauls/OneDrive/Escritorio/proyectofinal/ProyectoFinalTPOO/Proyecto.2.0/ProyectoFinal/src/View/vistaPracticante.java</file>
            <file>file:/C:/Users/pauls/OneDrive/Escritorio/proyectofinal/ProyectoFinalTPOO/Proyecto.2.0/ProyectoFinal/src/View/VistaOpcionesAdmin.java</file>
            <file>file:/C:/Users/pauls/OneDrive/Escritorio/proyectofinal/ProyectoFinalTPOO/Proyecto.2.0/ProyectoFinal/src/View/VistaRegistrarAsistencia.java</file>
            <file>file:/C:/Users/pauls/OneDrive/Escritorio/proyectofinal/ProyectoFinalTPOO/Proyecto.2.0/ProyectoFinal/src/View/VistaModificarAsistencia.java</file>
            <file>file:/C:/Users/pauls/OneDrive/Escritorio/proyectofinal/ProyectoFinalTPOO/Proyecto.2.0/ProyectoFinal/src/View/VistaAgregarPracticante.java</file>
            <file>file:/C:/Users/pauls/OneDrive/Escritorio/proyectofinal/ProyectoFinalTPOO/Proyecto.2.0/ProyectoFinal/src/View/VistaBuscarPracticante.java</file>
            <file>file:/C:/Users/pauls/OneDrive/Escritorio/proyectofinal/ProyectoFinalTPOO/Proyecto.2.0/ProyectoFinal/src/View/VistaMostrarAsistencia.java</file>
            <file>file:/C:/Users/pauls/OneDrive/Escritorio/proyectofinal/ProyectoFinalTPOO/Proyecto.2.0/ProyectoFinal/src/View/VistaRegistrarActividad.java</file>
            <file>file:/C:/Users/pauls/OneDrive/Escritorio/proyectofinal/ProyectoFinalTPOO/Proyecto.2.0/ProyectoFinal/src/View/VistaObtenerReporte.java</file>
            <file>file:/C:/Users/pauls/OneDrive/Escritorio/proyectofinal/ProyectoFinalTPOO/Proyecto.2.0/ProyectoFinal/src/Model/Asistencia.java</file>
        </group>
    </open-files>
</project-private>
